City,Cloudiness,Country,Date,Humidity,Lat,Lng,Max Temp,Wind Speed
souillac,75,MU,1619395665,88,-20.5167,57.5167,77.0,14.97
vaini,75,TO,1619395666,83,-21.2,-175.2,80.6,6.91
ushuaia,75,AR,1619395666,71,-54.8,-68.3,48.2,20.71
nanortalik,100,GL,1619395667,85,60.1432,-45.2371,39.25,7.7
cherskiy,95,RU,1619395667,83,68.75,161.3,17.42,6.22
punta arenas,75,CL,1619395667,87,-53.15,-70.9167,48.2,10.36
dicabisagan,59,PH,1619395668,76,17.0818,122.4157,77.86,5.46
atar,0,MR,1619395668,19,20.5169,-13.0499,78.49,3.69
albany,90,AU,1619395669,100,-35.0169,117.8917,55.4,1.14
cap-aux-meules,76,CA,1619395503,81,47.3821,-61.8597,41.0,11.5
jamestown,9,SH,1619395669,76,-15.9387,-5.7168,69.98,17.22
shingu,20,JP,1619395670,35,33.7333,135.9833,55.4,21.85
akyab,9,MM,1619395671,80,20.15,92.9,81.1,2.51
ilulissat,20,GL,1619395671,46,69.2167,-51.1,48.2,19.57
huarmey,12,PE,1619395672,84,-10.0681,-78.1522,68.09,8.19
bredasdorp,100,ZA,1619395672,94,-34.5322,20.0403,53.6,2.3
quatre cocos,75,MU,1619395673,88,-20.2078,57.7625,77.0,14.97
karratha,0,AU,1619395531,42,-20.7377,116.8463,78.89,9.1
castro,90,CL,1619395673,87,-42.4721,-73.7732,54.0,4.61
karpathos,46,GR,1619395674,77,35.507,27.2132,60.8,39.12
kavieng,99,PG,1619395433,71,-2.5744,150.7967,82.87,2.95
ribas do rio pardo,98,BR,1619395674,83,-20.4431,-53.7592,69.93,5.21
port elizabeth,0,ZA,1619395675,88,-33.918,25.5701,59.0,8.05
evensk,100,RU,1619395675,88,61.95,159.2333,25.83,6.87
paamiut,100,GL,1619395447,96,61.994,-49.6678,36.36,7.18
faanui,20,PF,1619395676,65,-16.4833,-151.75,81.12,3.06
kapaa,40,US,1619395676,73,22.0752,-159.319,79.0,12.66
barrow,1,US,1619395588,79,71.2906,-156.7887,21.2,20.71
port-gentil,1,GA,1619395677,80,-0.7193,8.7815,81.93,10.2
roebourne,0,AU,1619395677,40,-20.7833,117.1333,78.84,9.98
suez,0,EG,1619395678,51,29.9737,32.5263,65.73,5.32
nouakchott,0,MR,1619395678,83,18.0858,-15.9785,68.0,12.66
bluff,90,NZ,1619395679,90,-46.6,168.3333,46.99,8.99
port alfred,100,ZA,1619395414,56,-33.5906,26.891,70.63,11.83
tubuala,20,PA,1619395679,55,9.5167,-79.0333,87.8,9.22
ancud,90,CL,1619395680,87,-41.8697,-73.8203,54.0,4.61
georgiyevka,0,KZ,1619395680,87,43.0369,74.7114,46.4,4.47
rikitea,86,PF,1619395681,75,-23.1203,-134.9692,77.97,5.95
lebu,1,CL,1619395681,91,-37.6167,-73.65,55.33,9.78
narsaq,75,GL,1619395681,32,60.9167,-46.05,50.0,44.87
leh,2,IN,1619395682,36,34.1667,77.5833,29.59,2.84
altay,29,CN,1619395548,32,47.8667,88.1167,30.2,7.29
dikson,100,RU,1619395683,94,73.5069,80.5464,17.42,12.68
gainesville,1,US,1619395665,50,29.6516,-82.3248,75.2,6.91
kantang,40,TH,1619395684,100,7.4054,99.5156,75.2,2.77
tortoli,0,IT,1619395684,82,39.9256,9.6572,57.2,4.61
dubbo,0,AU,1619395571,62,-32.25,148.6167,57.2,6.91
busselton,96,AU,1619395588,99,-33.65,115.3333,55.0,1.01
avarua,75,CK,1619395685,78,-21.2078,-159.775,82.4,10.36
ales,0,FR,1619395686,71,44.1333,4.0833,52.0,3.44
fort-shevchenko,99,KZ,1619395716,85,44.5086,50.263,54.97,19.46
hermanus,87,ZA,1619395717,91,-34.4187,19.2345,61.0,1.01
cape town,75,ZA,1619395447,94,-33.9258,18.4232,63.0,4.61
mahebourg,75,MU,1619395717,88,-20.4081,57.7,77.0,14.97
hithadhoo,69,MV,1619395718,68,-0.6,73.0833,82.53,5.01
saint-philippe,0,RE,1619395719,73,-21.3585,55.7679,77.0,17.27
bengkulu,33,ID,1619395719,85,-3.8004,102.2655,76.35,4.41
saldanha,81,ZA,1619395464,94,-33.0117,17.9442,60.8,6.91
phangnga,40,TH,1619395720,94,8.4509,98.5298,82.0,2.3
canberra,0,AU,1619395541,76,-35.2835,149.1281,53.01,3.44
booue,89,GA,1619395720,89,-0.0921,11.9385,75.97,1.68
saint george,90,BM,1619395721,88,32.3817,-64.6781,70.0,20.71
meulaboh,92,ID,1619395636,84,4.1363,96.1285,77.02,2.37
makakilo city,90,US,1619395721,51,21.3469,-158.0858,82.4,6.91
port hardy,75,CA,1619395606,76,50.6996,-127.4199,51.8,3.44
new norfolk,98,AU,1619395722,75,-42.7826,147.0587,63.0,3
anchorage,1,US,1619395723,30,61.2181,-149.9003,57.2,9.22
olafsvik,11,IS,1619395723,89,64.8945,-23.7142,39.47,14.97
nouadhibou,0,MR,1619395724,94,20.931,-17.0347,64.4,12.66
adrar,1,DZ,1619395724,15,25.75,-1,82.69,8.63
grindavik,0,IS,1619395724,93,63.8424,-22.4338,39.2,13.8
rorvik,79,NO,1619395725,66,64.8621,11.2373,38.5,11.72
sheridan,75,US,1619395725,47,44.8333,-106.9173,61.0,3.44
kargat,100,RU,1619395726,63,55.1956,80.2811,40.6,8.46
tiksi,100,RU,1619395726,95,71.6872,128.8694,27.45,5.17
cozumel,1,MX,1619395653,69,20.5083,-86.9458,82.99,6.91
touros,20,BR,1619395727,83,-5.1989,-35.4608,78.8,6.91
mar del plata,40,AR,1619395727,77,-38.0023,-57.5575,60.01,3.44
hobart,40,AU,1619395550,48,-42.8794,147.3294,63.0,19.57
lanigan,100,CA,1619395728,16,51.8501,-105.0344,50.0,9.22
puerto ayora,42,EC,1619395573,81,-0.7393,-90.3518,76.15,7.56
northam,63,AU,1619395728,55,-31.6667,116.6667,66.2,4.61
bocas del toro,14,PA,1619395570,73,9.3333,-82.25,80.78,4.56
chokwe,0,MZ,1619395729,94,-24.5333,32.9833,66.42,3.47
sao joao da barra,42,BR,1619395729,89,-21.6403,-41.0511,74.61,6.44
severo-kurilsk,100,RU,1619395730,98,50.6789,156.125,32.41,13.42
tazovskiy,68,RU,1619395730,94,67.4667,78.7,16.02,9.51
arraial do cabo,94,BR,1619395437,82,-22.9661,-42.0278,74.3,8.59
bambous virieux,75,MU,1619395731,88,-20.3428,57.7575,77.0,14.97
mount gambier,90,AU,1619395574,94,-37.8333,140.7667,53.6,5.75
nikolskoye,90,RU,1619395731,87,59.7035,30.7861,37.99,8.95
uglich,100,RU,1619395732,86,57.5275,38.3317,32.47,12.75
mehamn,99,NO,1619395732,81,71.0357,27.8492,33.1,8.72
emerald,1,AU,1619395733,32,-23.5333,148.1667,69.8,11.5
kawalu,27,ID,1619395733,90,-7.3817,108.2082,73.8,0.89
lompoc,100,US,1619395733,72,34.6391,-120.4579,57.2,9.22
namibe,0,AO,1619395734,67,-15.1961,12.1522,76.57,9.75
yellowknife,90,CA,1619395546,72,62.456,-114.3525,9.0,13.8
leshukonskoye,100,RU,1619395735,94,64.8989,45.7622,39.52,5.08
guerrero negro,100,MX,1619395735,69,27.9769,-114.0611,63.3,16.44
oranjemund,100,NA,1619395765,90,-28.55,16.4333,62.02,3.96
saint-georges,100,GF,1619395766,98,3.9,-51.8,74.23,1.5
chuy,53,UY,1619395766,83,-33.6971,-53.4616,59.49,9.48
urumqi,0,CN,1619395767,38,43.801,87.6005,39.2,2.04
temecula,1,US,1619395634,45,33.4936,-117.1484,66.99,13.8
kahului,40,US,1619395767,54,20.8947,-156.47,82.4,24.16
phibun mangsahan,59,TH,1619395768,78,15.2447,105.2291,88.0,3.44
suluq,0,LY,1619395768,88,31.6682,20.2521,59.45,8.86
bayamo,75,CU,1619395769,58,20.3792,-76.6433,84.2,5.75
dong hoi,98,VN,1619395769,92,17.4833,106.6,79.66,2.44
euskirchen,100,DE,1619395769,82,50.6667,6.7833,37.99,3.18
chokurdakh,100,RU,1619395770,94,70.6333,147.9167,23.97,13.73
georgetown,20,SH,1619395770,69,-7.9333,-14.4167,78.8,13.8
ishigaki,20,JP,1619395771,68,24.3448,124.1572,73.4,13.8
tarakan,40,ID,1619395771,89,3.3,117.6333,82.4,3.44
taltal,36,CL,1619395772,81,-25.4,-70.4833,62.89,3.71
awjilah,0,LY,1619395772,53,29.1081,21.2869,63.91,11.86
rawson,80,AR,1619395772,54,-43.3002,-65.1023,61.79,21.83
nome,1,US,1619395773,65,64.5011,-165.4064,42.8,3.44
beloha,0,MG,1619395773,74,-25.1667,45.05,71.06,6.67
hilo,90,US,1619395774,65,19.7297,-155.09,78.8,14.97
inuvik,100,CA,1619395560,79,68.3499,-133.7218,17.6,9.22
verkhoyansk,100,RU,1619395774,93,67.5447,133.385,31.24,4.32
butaritari,15,KI,1619395775,74,3.0707,172.7902,82.96,11.77
miri,20,MY,1619395775,94,4.4148,114.0089,78.8,2.3
moose factory,1,CA,1619395776,47,51.2585,-80.6094,30.2,9.22
sao filipe,84,CV,1619395776,71,14.8961,-24.4956,72.05,8.84
gold coast,90,AU,1619395777,73,-28,153.4333,73.99,8.05
arlit,67,NE,1619395777,10,18.7369,7.3853,89.65,9.01
torbay,20,CA,1619395777,57,47.6666,-52.7314,44.6,9.22
atuona,52,PF,1619395778,73,-9.8,-139.0333,80.08,15.3
tuatapere,94,NZ,1619395778,90,-46.1333,167.6833,46.99,8.99
port hedland,0,AU,1619395779,43,-20.3167,118.5667,69.8,6.91
alice springs,0,AU,1619395779,39,-23.7,133.8833,60.8,4.61
jalu,0,LY,1619395780,53,29.0331,21.5482,63.73,11.61
bethel,20,US,1619395557,58,41.3712,-73.414,57.2,4.61
longyearbyen,20,SJ,1619395780,67,78.2186,15.6401,14.0,3.44
thompson,75,CA,1619395781,93,55.7435,-97.8558,32.0,4.61
kodiak,90,US,1619395781,75,57.79,-152.4072,42.8,12.66
tsagan aman,100,RU,1619395781,75,47.5639,46.7218,46.0,7.58
tevaitoa,14,PF,1619395782,66,-16.7833,-151.5,81.1,3.33
portland,99,AU,1619395782,66,-38.3333,141.6,60.64,6.91
waipawa,40,NZ,1619395783,55,-41.4122,175.5153,60.8,12.66
carnarvon,0,AU,1619395783,52,-24.8667,113.6333,69.8,8.05
mananjary,95,MG,1619395783,93,-21.2167,48.3333,71.17,5.61
santo tomas,46,PE,1619395784,68,-14.4456,-72.0842,45.72,2.17
hualmay,28,PE,1619395518,84,-11.0964,-77.6139,66.97,8.48
katangli,7,RU,1619395784,53,51.7102,143.2326,31.51,2.42
najran,40,SA,1619395785,44,17.4924,44.1277,77.0,4.45
banda aceh,96,ID,1619395785,74,5.5577,95.3222,80.4,7.63
vanimo,99,PG,1619395816,76,-2.6741,141.3028,79.54,1.63
harper,100,LR,1619395816,85,4.375,-7.7169,77.29,2.75
ngunguru,32,NZ,1619395816,66,-35.6167,174.5,68.0,10
port hawkesbury,75,CA,1619395618,71,45.6169,-61.3485,48.2,10.36
mantua,71,CU,1619395817,69,22.2889,-84.2844,80.78,4.61
norman wells,20,CA,1619395620,38,65.282,-126.8329,37.4,12.66
togur,84,RU,1619395818,98,58.3631,82.8265,31.66,2.21
hasaki,20,JP,1619395818,37,35.7333,140.8333,54.0,18.41
upernavik,50,GL,1619395577,76,72.7868,-56.1549,33.64,4.97
khandyga,100,RU,1619395819,81,62.6667,135.6,27.55,5.61
weatherford,1,US,1619395819,53,32.7593,-97.7972,80.01,3
ahuimanu,75,US,1619395819,69,21.4447,-157.8378,82.4,14.97
qaanaaq,12,GL,1619395820,69,77.484,-69.3632,28.38,7.94
paita,53,PE,1619395821,77,-5.0892,-81.1144,70.75,16.96
cabedelo,20,BR,1619395821,94,-6.9811,-34.8339,77.0,4.61
sola,40,VU,1619395822,70,-13.8833,167.55,86.0,7.54
labuhan,49,ID,1619395822,83,-6.8844,112.2051,78.71,8.86
luganville,67,VU,1619395823,69,-15.5333,167.1667,85.6,5.35
ribeira grande,20,PT,1619395823,82,38.5167,-28.7,57.2,6.91
padang,83,ID,1619395824,83,-0.9492,100.3543,78.33,3.2
millington,1,US,1619395815,40,35.3415,-89.8973,71.6,3.71
flinders,0,AU,1619395763,75,-34.5833,150.8552,66.0,1.99
rodeo,73,MX,1619395824,5,25.1833,-104.55,93.49,20.36
channel-port aux basques,50,CA,1619395825,85,47.5702,-59.1367,39.24,15.05
aswan,0,EG,1619395826,11,24.0934,32.907,85.98,7.16
inhambane,0,MZ,1619395826,92,-23.865,35.3833,68.92,4.72
kaitangata,69,NZ,1619395828,50,-46.2817,169.8464,57.0,11.01
fomboni,95,KM,1619395828,73,-12.28,43.7425,82.02,3.78
macultepec,75,MX,1619395829,74,18.1667,-92.8333,84.2,8.05
dukat,100,RU,1619395829,74,62.55,155.55,12.45,2.82
victoria,20,SC,1619395830,89,-4.6167,55.45,80.6,3.44
cockburn town,40,TC,1619395538,73,21.4612,-71.1419,78.8,11.5
saskylakh,100,RU,1619395571,93,71.9167,114.0833,14.85,23.04
auki,81,SB,1619395813,72,-8.7676,160.7034,85.03,2.84
porbandar,0,IN,1619395831,80,21.6422,69.6093,80.47,11.14
vila velha,20,BR,1619395793,83,-20.3297,-40.2925,78.8,9.22
aklavik,100,CA,1619395832,79,68.2191,-135.0107,17.6,9.22
claremore,1,US,1619395832,33,36.3126,-95.6161,75.2,8.05
ballina,90,AU,1619395833,88,-28.8667,153.5667,66.99,6.91
santa isabel do rio negro,97,BR,1619395833,96,-0.4139,-65.0192,76.15,2.98
pangody,100,RU,1619395834,94,65.85,74.4859,32.59,14.14
nuuk,75,GL,1619395810,87,64.1835,-51.7216,37.4,6.91
lagoa,99,PT,1619395834,84,39.05,-27.9833,59.14,11.48
udachnyy,100,RU,1619395835,90,66.4167,112.4,8.37,25.59
vestmannaeyjar,0,IS,1619395835,80,63.4427,-20.2734,44.08,10
nyurba,100,RU,1619395836,91,63.2842,118.3319,34.25,6.85
tagusao,52,PH,1619395837,74,9.1924,117.8141,82.06,3.56
mongoumba,36,CF,1619395837,97,3.6415,18.5936,69.67,2.26
port blair,95,IN,1619395838,77,11.6667,92.75,81.37,5.53
kitami,20,JP,1619395838,55,43.8031,143.8908,37.0,10.36
taseyevo,100,RU,1619395869,97,57.2169,94.8978,35.69,7.38
vestmanna,100,FO,1619395869,100,62.1564,-7.1664,44.6,14.97
comodoro rivadavia,0,AR,1619395870,76,-45.8667,-67.5,55.4,1.14
chilca,90,PE,1619395870,82,-12.5211,-76.7372,70.0,3.44
tasiilaq,90,GL,1619395871,70,65.6145,-37.6368,39.2,11.5
verkhnyaya inta,100,RU,1619395871,84,65.9811,60.3094,39.51,14.32
pundaguitan,61,PH,1619395872,72,6.3711,126.1689,82.87,5.12
jiazi,98,CN,1619395872,73,22.8779,116.067,71.13,17.65
tabas,97,IR,1619395873,19,33.5959,56.9244,77.32,4
fairbanks,1,US,1619395830,26,64.8378,-147.7164,64.4,4.61
sitka,1,US,1619395873,41,57.0531,-135.33,57.2,3.44
foix,96,FR,1619395874,38,42.8333,1.5833,55.0,6.76
pevek,100,RU,1619395785,89,69.7008,170.3133,22.55,8.81
yerbogachen,93,RU,1619395875,90,61.2767,108.0108,31.17,12.91
tarnova,50,RO,1619395876,87,46.3167,21.8,45.0,9.22
bogorodskoye,100,RU,1619395876,84,56.55,37.8833,32.14,12.97
zinacantepec,75,MX,1619395877,30,19.2819,-99.7386,71.6,5.75
malatya,75,TR,1619395877,62,38.5,38,57.2,6.91
cidreira,87,BR,1619395856,62,-30.1811,-50.2056,67.62,10.4
tocopilla,11,CL,1619395878,72,-22.092,-70.1979,65.44,3.42
afsin,95,TR,1619395878,56,38.2477,36.914,59.59,2.37
maragogi,8,BR,1619395879,82,-9.0122,-35.2225,78.04,6.6
natal,20,BR,1619395700,78,-5.795,-35.2094,80.6,8.05
valmiera,98,LV,1619395880,95,57.5411,25.4275,35.01,1.99
katsuura,20,JP,1619395647,40,35.1333,140.3,55.4,16.11
cabo san lucas,90,MX,1619395880,18,22.8909,-109.9124,84.0,3.44
disna,27,BY,1619395881,95,55.568,28.1971,29.95,8.48
sisimiut,98,GL,1619395881,76,66.9395,-53.6735,38.88,3.76
adilcevaz,75,TR,1619395882,26,38.8039,42.7342,68.0,14.97
ratnagiri,38,IN,1619395882,80,16.9833,73.3,80.11,1.63
tuktoyaktuk,90,CA,1619395883,79,69.4541,-133.0374,14.0,11.5
coihaique,75,CL,1619395883,58,-45.5752,-72.0662,55.4,8.05
ponta delgada,40,PT,1619395883,77,37.7333,-25.6667,59.0,10.36
caravelas,6,BR,1619395884,82,-17.7125,-39.2481,76.05,7.29
novobirilyussy,100,RU,1619395884,99,56.9514,90.6661,35.2,4.12
sergeyevka,3,RU,1619395885,23,43.3392,133.3481,49.96,3.24
bethanien,38,NA,1619395885,38,-26.502,17.1583,68.85,5.01
san policarpo,87,PH,1619395886,81,12.1791,125.5072,79.02,10.02
arica,0,CL,1619395736,68,-18.475,-70.3042,66.2,1.14
esperance,0,AU,1619395857,55,-33.8667,121.9,59.0,16.11
kavaratti,4,IN,1619395887,73,10.5669,72.642,83.7,6.55
mayo,1,CA,1619395887,14,63.5927,-135.8998,57.2,9.22
igarka,94,RU,1619395888,93,67.4667,86.5833,7.52,4.34
khasan,57,RU,1619395888,43,42.4308,130.6434,47.43,4.29
itarema,7,BR,1619395873,79,-2.9248,-39.9167,77.59,8.16
naze,75,JP,1619395890,60,28.3667,129.4833,75.2,11.5
road town,40,VG,1619395653,69,18.4167,-64.6167,80.6,10.36
ryotsu,75,JP,1619395890,61,38.0833,138.4333,48.2,16.11
fortuna,90,US,1619395741,66,40.5982,-124.1573,55.99,6.91
salta,90,AR,1619395891,72,-24.7859,-65.4117,59.0,5.75
matara,54,LK,1619395921,89,5.9485,80.5353,76.62,2.91
leningradskiy,100,RU,1619395922,83,69.3833,178.4167,27.52,1.1
kineta,0,GR,1619395922,71,37.9709,23.2183,54.0,5.75
lorca,80,ES,1619395923,93,37.6712,-1.7017,62.01,4.03
bud,90,NO,1619395923,86,62.9088,6.9145,33.8,5.75
kurchum,13,KZ,1619395924,45,48.5722,83.6542,37.6,6.85
severobaykalsk,100,RU,1619395925,71,55.65,109.3167,32.13,7.9
ketchikan,1,US,1619395925,31,55.3422,-131.6461,60.8,8.05
ixtapa,75,MX,1619395925,78,20.7,-105.2,80.01,12.66
iqaluit,75,CA,1619395926,93,63.7506,-68.5145,32.0,3.44
hastings,1,US,1619395926,38,40.5861,-98.3884,75.2,11.5
tommot,100,RU,1619395927,96,58.9564,126.2925,36.03,6.76
clyde river,90,CA,1619395887,100,70.4692,-68.5914,21.2,25.32
amapa,100,BR,1619395928,99,1,-52,71.06,1.16
moranbah,78,AU,1619395928,60,-22.0016,148.0466,71.51,19.77
guadalupe y calvo,85,MX,1619395929,14,26.1,-106.9667,64.71,10.94
yulara,0,AU,1619395929,44,-25.2406,130.9889,60.8,11.5
mozarlandia,27,BR,1619395930,58,-14.7447,-50.5706,77.14,5.77
atambua,10,ID,1619395931,62,-9.1061,124.8925,76.08,4.27
oistins,20,BB,1619395931,61,13.0667,-59.5333,78.8,14.97
joensuu,90,FI,1619395932,93,62.6012,29.7632,39.0,10.36
balud,75,PH,1619395932,83,10.1476,123.6953,80.6,2.3
laurinburg,90,US,1619395933,46,34.7741,-79.4628,69.8,13.8
khonsa,55,IN,1619395934,39,27.0167,95.5667,68.56,3.87
holetown,20,BB,1619395934,61,13.1867,-59.6381,78.8,14.97
inongo,63,CD,1619395934,96,-1.95,18.2667,71.62,6.69
vardo,41,NO,1619395935,68,70.3705,31.1107,31.86,6.55
trincomalee,47,LK,1619395935,74,8.5711,81.2335,79.52,7.7
florianopolis,75,BR,1619395936,78,-27.6146,-48.5012,71.6,9.22
eldama ravine,98,KE,1619395936,89,0.0516,35.7308,55.18,2.01
nichinan,75,JP,1619395937,36,31.6,131.3667,62.6,17.27
rio grande,13,BR,1619395937,78,-32.035,-52.0986,62.01,1.99
ploemeur,0,FR,1619395938,66,47.7333,-3.4333,50.0,19.57
ipora,99,BR,1619395938,57,-16.4419,-51.1178,70.25,1.52
muroto,0,JP,1619395939,28,33.2833,134.15,57.2,5.75
juneau,20,US,1619395713,27,58.3019,-134.4197,60.8,10.36
saint-augustin,66,CA,1619395940,71,51.226,-58.6502,39.81,5.12
armavir,20,AM,1619395940,51,40.1545,44.0382,62.6,4.61
kampong chhnang,58,KH,1619395941,74,12.1667,104.55,81.52,1.23
dingle,20,IE,1619395941,67,52.1408,-10.2689,47.66,4.92
bathsheba,20,BB,1619395873,61,13.2167,-59.5167,78.8,14.97
acajutla,20,SV,1619395881,45,13.5928,-89.8275,89.6,4.61
tatarsk,100,RU,1619395942,53,55.219,75.9828,42.1,11.63
pontianak,20,ID,1619395943,94,-0.0333,109.3333,77.0,3.2
khatanga,60,RU,1619395943,94,71.9667,102.5,7.99,11.18
humaita,80,BR,1619395943,82,-7.5061,-63.0208,79.18,2.15
pangai,40,TO,1619395944,78,-19.8,-174.35,82.4,11.5
kelowna,1,CA,1619395650,44,49.8831,-119.4857,55.99,6.91
abu dhabi,0,AE,1619395944,50,24.4667,54.3667,84.2,1.14
pandan,100,PH,1619395945,68,14.0453,124.1694,79.36,8.12
barabinsk,99,RU,1619395975,61,55.3571,78.357,40.44,9.22
dunedin,67,NZ,1619395976,41,-45.8742,170.5036,57.0,13
walvis bay,12,NA,1619395977,92,-22.9575,14.5053,61.0,1.01
jieshi,100,CN,1619395977,74,22.8134,115.8257,71.17,17.9
tessalit,1,ML,1619395978,7,20.1986,1.0114,87.51,8.03
pacific grove,100,US,1619395978,79,36.6177,-121.9166,55.99,9.26
san quintin,67,MX,1619395978,65,30.4833,-115.95,62.2,13.87
provideniya,0,RU,1619395836,65,64.3833,-173.3,39.2,4.47
fountain,1,US,1619395979,7,38.6822,-104.7008,78.01,25.32
tabory,89,RU,1619395980,95,58.5198,64.5495,38.14,5.19
bauchi,100,NG,1619395980,52,10.5,10,79.29,3.24
mingaora,1,PK,1619395736,35,34.7758,72.3625,62.1,7.49
beringovskiy,96,RU,1619395981,90,63.05,179.3167,31.64,1.54
rio do sul,40,BR,1619395981,90,-27.2142,-49.6431,69.01,1.68
sulangan,17,PH,1619395982,75,11.1373,123.7228,81.63,12.48
east london,98,ZA,1619395857,59,-33.0153,27.9116,67.62,9.31
panzhihua,9,CN,1619395982,56,26.5851,101.7128,65.26,4.5
ahipara,52,NZ,1619395983,72,-35.1667,173.1667,63.25,8.48
rongcheng,100,CN,1619395983,94,30.634,117.8517,60.26,1.32
itaituba,100,BR,1619395984,96,-4.2761,-55.9836,75.27,1.88
barcelos,95,BR,1619395984,96,-0.9747,-62.9242,75.87,1.48
lavrentiya,85,RU,1619395802,89,65.5833,-171,31.73,1.25
smolensk,12,RU,1619395985,86,55,33,29.53,6.33
lefka,75,CY,1619395986,63,35.1106,32.8506,64.4,8.05
rantauprapat,98,ID,1619395986,95,2.1,99.8333,73.49,1.88
tura,43,RU,1619395986,55,64.2833,100.25,18.64,4.03
belyy yar,97,RU,1619395987,80,53.6039,91.3903,30.2,4.47
masumbwe,100,TZ,1619395987,97,-3.6333,32.1833,63.5,2.35
berdigestyakh,100,RU,1619395988,99,62.0989,126.6992,34.25,5.97
santa cruz de la palma,90,ES,1619395988,68,28.6835,-17.7642,68.0,4.61
nerchinskiy zavod,100,RU,1619395989,27,51.3088,119.61,52.83,10.54
kashmor,0,PK,1619395989,14,28.4333,69.5833,84.65,5.73
novo cruzeiro,80,BR,1619395990,79,-17.4681,-41.8753,69.75,2.15
colares,49,PT,1619395990,87,38.7992,-9.4469,62.01,10.36
luwingu,95,ZM,1619395991,94,-10.2621,29.9271,59.94,4.92
bonfim,97,BR,1619395991,76,3.0833,-59.95,79.83,3.33
skelleftea,90,SE,1619395992,51,64.7507,20.9528,33.8,12.66
ponta do sol,40,CV,1619395992,68,17.1994,-25.0919,69.8,17.27
semey,0,KZ,1619395849,55,50.4111,80.2275,33.8,8.95
madurai,20,IN,1619395993,83,9.9333,78.1167,80.6,2.3
cassilandia,53,BR,1619395994,43,-19.1133,-51.7342,69.66,3.33
chicama,38,PE,1619395861,88,-7.8447,-79.1469,64.4,12.66
santa rosa,0,AR,1619395995,68,-36.6167,-64.2833,53.26,6.31
kaspiyskiy,100,RU,1619395995,56,45.3929,47.3707,53.31,15.61
mimongo,67,GA,1619395995,95,-1.6195,11.6068,69.51,1.16
hatsukaichi,40,JP,1619395996,33,34.35,132.3333,57.2,13.8
hurghada,0,EG,1619395997,60,27.2574,33.8129,73.4,1.9
buraydah,40,SA,1619395997,39,26.326,43.975,80.6,12.66
biltine,99,TD,1619395898,21,14.5333,20.9167,86.54,4.92
vila franca do campo,40,PT,1619395998,77,37.7167,-25.4333,59.0,10.36
westport,16,IE,1619396029,67,53.8,-9.5167,48.0,4.25
lixourion,12,GR,1619396029,58,38.2019,20.4314,55.0,7.83
middelkerke,0,BE,1619396029,70,51.1558,2.8418,42.8,13.8
colac,79,AU,1619396030,99,-38.3333,143.5833,57.0,5.46
biak,89,ID,1619395996,72,-0.9131,122.8766,79.9,5.59
bubaque,46,GW,1619396031,69,11.2833,-15.8333,78.01,20.33
talnakh,91,RU,1619395793,90,69.4865,88.3972,3.9,6.2
bang saphan,40,TH,1619396031,100,11.2126,99.5117,75.2,1.14
roald,90,NO,1619395912,81,62.5833,6.1333,37.4,11.5
kattivakkam,40,IN,1619396032,78,13.2167,80.3167,82.4,4.61
kyra,61,RU,1619396032,55,49.5776,111.9753,43.68,11.77
isla mujeres,1,MX,1619396033,69,21.2311,-86.731,82.4,11.5
lac du bonnet,100,CA,1619395934,88,50.2536,-96.0612,48.99,15.01
shiyan,100,CN,1619396034,90,32.6475,110.7781,56.07,2.19
port macquarie,6,AU,1619396034,66,-31.4333,152.9167,70.0,1.01
katherine,79,AU,1619396034,65,-14.4667,132.2667,82.4,2.3
talcahuano,0,CL,1619395815,94,-36.7167,-73.1167,57.2,11.5
qingyuan,90,CN,1619396035,83,23.7,113.0333,75.0,6.71
sur,30,OM,1619396036,44,22.5667,59.5289,83.35,7.54
komsomolskiy,95,RU,1619396036,87,43.9783,46.6985,52.12,7.76
front royal,1,US,1619396037,51,38.9182,-78.1944,59.0,5.75
pontes e lacerda,100,BR,1619396010,98,-15.2261,-59.3353,67.91,2.98
nador,0,MA,1619396037,94,35.174,-2.9287,60.8,3.2
mustafakemalpasa,40,TR,1619396038,81,40.0353,28.4117,53.01,16.11
kastamonu,100,TR,1619396038,90,41.5,33.6667,45.91,0.43
pokhara,0,NP,1619396039,19,28.2333,83.9833,68.52,7.72
ithaca,20,US,1619396039,65,42.4406,-76.4966,45.0,13.8
dongli,0,CN,1619396040,88,23.5656,116.8194,69.8,5.26
limoncito,40,BO,1619396040,94,-18.0167,-63.4,66.2,9.22
tres arroyos,100,AR,1619395860,74,-38.3739,-60.2798,57.45,5.35
mishima,20,JP,1619396041,26,35.1167,138.9167,53.6,16.11
afua,93,BR,1619396041,95,-0.1567,-50.3867,76.33,4.65
hofn,99,IS,1619396042,76,64.2539,-15.2082,43.92,16.98
necochea,93,AR,1619396042,84,-38.5473,-58.7368,55.99,7.34
wawa,20,CA,1619396043,69,47.9834,-84.7832,30.2,8.05
glendive,1,US,1619396043,44,47.1053,-104.7125,55.4,3.44
wanning,100,CN,1619396044,83,18.8003,110.3967,80.26,6.02
bandarbeyla,85,SO,1619396044,73,9.4942,50.8122,81.82,5.97
hirara,20,JP,1619396045,64,24.8,125.2833,73.4,13.8
mandurah,71,AU,1619396046,94,-32.55,115.7,62.01,4.61
lang son,100,VN,1619396046,96,21.8333,106.7333,71.35,4.14
santa vitoria do palmar,60,BR,1619396046,84,-33.5189,-53.3681,59.45,9.51
pisco,0,PE,1619396047,88,-13.7,-76.2167,64.99,4.61
puerto escondido,40,MX,1619396047,66,15.85,-97.0667,86.0,6.91
manokwari,100,ID,1619396048,77,-0.8667,134.0833,81.16,7.67
smithers,20,CA,1619396049,18,54.7804,-127.1743,57.2,6.91
sanmenxia,85,CN,1619396049,80,34.7747,111.1814,56.43,3.89
rocha,43,UY,1619396050,80,-34.4833,-54.3333,58.3,8.48
wilmington,90,US,1619395841,55,34.2257,-77.9447,66.99,4.61
sioux lookout,75,CA,1619395874,27,50.1001,-91.917,46.4,9.22
taicheng,97,CN,1619396081,61,38.731,113.228,51.3,3.04
marienburg,40,SR,1619396081,83,5.8469,-55.0216,79.0,9.22
grand gaube,94,MU,1619396034,86,-20.0064,57.6608,75.0,5.01
belmonte,20,BR,1619396082,83,-15.8631,-38.8828,77.0,6.91
rapar,0,IN,1619396082,71,23.5667,70.6333,80.83,11.16
araxa,0,BR,1619395874,43,-19.5933,-46.9406,73.4,5.75
kungalv,63,SE,1619396083,68,57.871,11.9805,35.01,4.74
mayumba,21,GA,1619396083,87,-3.432,10.6554,77.77,2.06
haines junction,0,CA,1619396084,19,60.7522,-137.5108,57.2,4.61
hudiksvall,66,SE,1619396084,67,61.729,17.1036,33.37,10.27
bulanash,18,RU,1619396085,82,57.2783,61.9965,36.91,7.05
alofi,48,NU,1619396085,70,-19.0595,-169.9187,86.0,6.91
ingham,100,AU,1619396086,88,-18.65,146.1667,73.04,9.46
ust-nera,89,RU,1619396086,85,64.5667,143.2,17.8,5.61
penzance,75,GB,1619396087,87,50.1186,-5.5371,46.4,21.5
gotsu,0,JP,1619396087,54,35,132.2167,51.8,5.75
mikhaylovka,93,RU,1619396088,55,50.06,43.2379,41.05,2.64
dombarovskiy,100,RU,1619396089,94,50.7587,59.5386,46.53,7.67
ostrovnoy,100,RU,1619395873,98,68.0531,39.5131,32.14,21.21
shaunavon,100,CA,1619396089,75,49.6501,-108.4181,33.8,3.44
guayaramerin,98,BO,1619396090,99,-10.8368,-65.3614,72.45,3.62
axim,100,GH,1619396091,84,4.8699,-2.2405,80.19,6.4
anloga,66,GH,1619396091,81,5.7947,0.8973,83.08,8.41
sidney,64,US,1619396091,100,40.2842,-84.1555,53.01,5.75
aguimes,40,ES,1619396092,77,27.9054,-15.4461,66.0,3.44
luau,92,AO,1619396093,90,-10.7073,22.2247,63.5,2.64
wonosobo,20,ID,1619396093,83,-7.36,109.9025,80.6,6.91
mitha tiwana,1,PK,1619396094,18,32.2486,72.1108,77.16,4.52
santiago del estero,0,AR,1619395830,57,-27.7951,-64.2615,64.4,6.26
mabaruma,91,GY,1619396094,88,8.2,-59.7833,74.89,4.32
nizhnyaya omka,98,RU,1619396095,52,55.4338,74.9426,42.37,11.03
raudeberg,48,NO,1619396095,75,61.9875,5.1352,37.99,8.81
san marco in lamis,0,IT,1619396096,76,41.7131,15.6399,51.8,3.44
kodinsk,98,RU,1619396096,94,58.6881,99.1844,34.34,6.71
yar-sale,100,RU,1619395807,97,66.8333,70.8333,32.81,12.5
prachuap khiri khan,20,TH,1619396097,88,12.2167,99.75,82.0,3.29
san francisco del mar,47,MX,1619396097,70,16.2333,-94.65,86.07,13.62
ziro,7,IN,1619396098,69,27.6333,93.8333,52.14,3.13
pochutla,90,MX,1619396022,65,15.7432,-96.4661,84.99,9.22
kandrian,97,PG,1619396099,69,-6.2167,149.55,84.15,6.85
mosquera,40,CO,1619396099,88,4.7059,-74.2302,59.0,6.91
gayny,99,RU,1619396099,90,60.3071,54.3241,35.78,7.52
los llanos de aridane,90,ES,1619396100,68,28.6585,-17.9182,68.0,4.61
kruisfontein,100,ZA,1619396100,48,-34.0033,24.7314,67.48,6.06
mattoon,1,US,1619396101,41,39.4831,-88.3728,60.01,6.91
constitucion,75,MX,1619396101,8,23.9912,-104.6749,86.0,17.27
puerto del rosario,20,ES,1619396035,73,28.5004,-13.8627,68.0,4.61
marawi,0,SD,1619396102,10,18.4833,31.8167,84.0,11.39
maniitsoq,100,GL,1619396102,77,65.4167,-52.9,40.6,4.68
antalaha,91,MG,1619396103,90,-14.9003,50.2788,71.94,5.88
gambela,99,ET,1619396133,83,8.25,34.5833,74.17,4.99
nueve de julio,6,AR,1619395911,77,-35.4444,-60.8831,57.99,3.65
formosa do rio preto,100,BR,1619396134,97,-11.0483,-45.1931,69.93,3.69
konakovo,99,RU,1619396134,84,56.7,36.7667,32.95,10.71
salisbury,90,CA,1619396135,58,46.0391,-65.0463,54.0,6.91
russell,47,NZ,1619396135,66,-35.2613,174.1236,68.0,10
hokitika,93,NZ,1619396135,81,-42.7167,170.9667,50.56,3.53
nelson bay,20,AU,1619396136,82,-32.7167,152.15,66.99,5.75
coahuayana,40,MX,1619395902,50,18.7333,-103.6833,78.8,11.5
buenos aires,44,CR,1619396137,89,9.1719,-83.3342,75.52,1.86
hamilton,90,BM,1619396137,88,32.2915,-64.778,70.0,20.71
klaksvik,100,FO,1619396138,100,62.2266,-6.589,44.6,14.97
devonport,52,AU,1619396138,73,-41.1667,146.35,61.0,10.69
oyama,20,JP,1619396138,28,36.3,139.8,55.99,13.8
djambala,31,CG,1619396139,85,-2.5447,14.7533,69.8,1.19
qinhuangdao,80,CN,1619396140,27,39.9317,119.5883,59.34,5.44
tsalka,97,GE,1619396140,97,41.5946,44.0891,47.86,4.25
mandeville,20,JM,1619396140,78,18.0417,-77.5071,80.6,9.22
kieta,81,PG,1619396141,63,-6.2167,155.6333,85.57,4.79
rockland,63,US,1619396141,59,41.1668,-74.0496,60.01,10.2
lorengau,72,PG,1619395872,67,-2.0226,147.2712,84.27,3.91
portree,99,GB,1619396142,73,57.4129,-6.1942,45.0,7
suntar,100,RU,1619396142,98,62.1444,117.6319,33.42,5.26
brae,99,GB,1619396143,93,60.3964,-1.353,41.0,4.61
ulladulla,0,AU,1619396143,77,-35.35,150.4667,61.0,9.22
seoul,40,KR,1619396143,27,37.5683,126.9778,62.6,10.36
magura ilvei,96,RO,1619396144,81,47.3833,24.8,35.01,1.99
homer,1,US,1619396145,33,59.6425,-151.5483,55.4,5.75
vao,95,NC,1619396039,69,-22.6667,167.4833,74.44,15.57
general roca,0,AR,1619396145,67,-39.0333,-67.5833,62.6,3.44
vostok,9,RU,1619396060,26,46.4856,135.8833,42.04,6.91
teya,100,RU,1619396146,84,60.3778,92.6267,32.61,5.46
hit,93,IQ,1619396146,16,33.6416,42.8251,85.41,12.77
doka,99,SD,1619396147,41,13.5167,35.7667,86.63,14.94
itarantim,8,BR,1619396147,92,-15.6597,-40.0656,70.41,2.95
sant pere de ribes,100,ES,1619396148,41,41.2667,1.7667,64.99,5.99
baherden,0,TM,1619396148,29,38.4362,57.4316,74.64,5.84
yarada,40,IN,1619396148,94,17.65,83.2667,80.6,2.3
kamenka,23,RU,1619396030,58,51.3223,42.7678,39.0,7.92
sao miguel do araguaia,56,BR,1619396149,68,-13.275,-50.1628,78.53,4.7
tucuman,75,AR,1619395855,72,-26.8241,-65.2226,66.2,6.91
talaya,94,RU,1619396150,71,61.3833,152.75,9.75,1.81
bandiagara,0,ML,1619396150,33,14.3501,-3.6104,87.8,2.3
catamarca,17,AR,1619396150,78,-28.4696,-65.7852,57.0,1.01
mujiayingzi,81,CN,1619396151,51,42.1167,118.7833,55.18,10.69
arona,40,ES,1619396151,72,28.0996,-16.681,66.99,3.44
goundam,29,ML,1619396006,10,16.4145,-3.6708,89.78,6.82
yerofey pavlovich,100,RU,1619396152,41,53.9667,121.9667,49.57,3.44
denpasar,20,ID,1619395896,83,-8.65,115.2167,78.8,2.3
aviles,100,ES,1619396062,100,43.5547,-5.9248,57.99,2.3
port lincoln,3,AU,1619396183,68,-34.7333,135.8667,63.7,7.61
salalah,40,OM,1619395907,74,17.0151,54.0924,82.4,8.05
giyani,0,ZA,1619396183,56,-23.3025,30.7187,62.64,3.2
novokizhinginsk,100,RU,1619396184,96,51.6115,109.5917,32.67,12.24
sangar,100,RU,1619396184,94,63.9242,127.4739,27.0,14.97
san rafael,4,AR,1619396153,54,-34.6177,-68.3301,60.89,6.26
mataram,20,ID,1619396185,83,-8.5833,116.1167,80.6,1.14
gorontalo,91,ID,1619396185,76,0.5412,123.0595,81.63,1.52
obihiro,20,JP,1619396186,44,42.9172,143.2044,37.4,12.66
guamal,68,CO,1619396186,77,9.1433,-74.2238,81.23,5.14
tigil,100,RU,1619395973,86,57.8,158.6667,30.72,2.73
mgandu,35,TZ,1619396187,98,-5.95,34.1333,59.09,5.08
christchurch,38,NZ,1619395988,44,-43.5333,172.6333,63.0,10.36
pokrovsk,100,RU,1619396187,96,61.4781,129.1272,36.19,4.12
tigzirt,19,DZ,1619396188,53,36.8886,4.1198,65.19,10.07
tungor,8,RU,1619395937,50,53.3808,142.9564,30.56,3.27
castano primo,0,IT,1619396188,54,45.5536,8.7754,59.0,1.14
sakakah,0,SA,1619396110,21,29.9697,40.2064,78.8,11.5
emirdag,85,TR,1619396189,94,39.0197,31.15,49.68,2.73
jamsa,90,FI,1619396189,100,61.8642,25.19,32.0,10.36
cavalcante,67,BR,1619396190,80,-13.7975,-47.4583,69.58,0.36
russkaya polyana,60,RU,1619396190,74,53.7794,73.8806,44.15,8.01
nisia floresta,20,BR,1619396191,78,-6.0911,-35.2086,80.6,9.22
bambanglipuro,66,ID,1619396189,80,-7.95,110.2833,77.85,3.49
isangel,75,VU,1619396191,83,-19.55,169.2667,82.4,11.5
filingue,81,NE,1619396192,19,14.3521,3.3168,89.91,0.72
kiri buru,4,IN,1619396192,27,22.0833,85.35,74.73,0.02
dhidhdhoo,13,MV,1619396116,72,6.8833,73.1,83.93,5.88
usinsk,100,RU,1619396193,89,65.9939,57.5281,37.65,7.2
krasnoselkup,21,RU,1619396104,89,65.7,82.4667,18.66,6.06
shirokiy,100,RU,1619396193,39,49.758,129.523,47.44,7.45
dakar,0,SN,1619396011,94,14.6937,-17.4441,68.0,4.61
kungurtug,100,RU,1619396194,84,50.5994,97.5228,24.53,4.76
noumea,40,NC,1619396194,69,-22.2763,166.4572,77.0,13.8
ruteng,98,ID,1619396195,80,-8.6136,120.4721,66.49,1.32
conde,20,BR,1619396021,94,-7.2597,-34.9075,77.0,4.61
molteno,99,ZA,1619396195,37,-31.3968,26.3625,55.18,3.2
vila do maio,75,CV,1619396196,78,15.1333,-23.2167,69.8,17.27
mackay,90,AU,1619396139,73,-21.15,149.2,73.4,13.8
muros,56,ES,1619395930,93,42.7762,-9.0603,57.0,4.83
sarangani,69,PH,1619396196,75,5.4033,125.4636,83.3,11.34
lutkun,84,RU,1619396197,65,41.4808,47.6858,56.89,8.95
cayenne,75,GF,1619396197,83,4.9333,-52.3333,81.0,3.44
saint-joseph,0,RE,1619396198,73,-21.3667,55.6167,77.0,16.11
mitsamiouli,81,KM,1619396198,76,-11.3847,43.2844,80.53,6.67
hensall,47,CA,1619396198,83,43.4334,-81.4998,37.0,18.99
